{"loss": [0.6348009705543518, 0.2420099526643753, 0.048390429466962814], "accuracy": [0.6781002879142761, 0.9393140077590942, 0.9889181852340698], "val_loss": [0.4557793140411377, 0.1723998337984085, 0.17405863106250763], "val_accuracy": [0.8396624326705933, 0.9345991611480713, 0.9345991611480713]}